model,test_roc_auc,test_pr_auc,test_f1_binary,test_accuracy,cold_bedroc,cold_ef_at_1pct,cold_ef_at_5pct,cv_roc_auc_mean,cv_roc_auc_std,cv_prauc_mean,cv_prauc_std
logistic_regression,0.9936843168957155,0.9992644718167831,0.9705271897052719,0.9485879797248371,0.9999999894192902,1.1164106709781731,1.1164106709781731,0.9920094159110343,0.001806377607303606,0.9982751111664474,0.0006830946907463745
random_forest,0.9970863648612234,0.9996700741425634,0.9919224555735057,0.9855177407675597,0.9999999985063003,1.1164106709781731,1.1164106709781731,0.9954269627614956,0.0030880583651627575,0.9988095602607652,0.0011832282451569355
xgboost,0.9963340968292465,0.9996000030209957,0.9947389720760825,0.9905865314989138,0.9999999982495676,1.1164106709781731,1.1164106709781731,0.9952094691337307,0.002689438699617196,0.9989058759390094,0.0007553603786682942
lightgbm,0.9971986436719663,0.9996830660201723,0.9910569105691057,0.9840695148443157,0.9999999980498439,1.1164106709781731,1.1164106709781731,0.995510619823752,0.0029492827844488177,0.9989521203760259,0.0008398914359058961
interaction_mlp,0.9983214317793946,0.9998096895816777,0.9810543657331137,0.9666908037653874,0.9999999989904766,1.1164106709781731,1.1164106709781731,,,,
