model,test_roc_auc,test_pr_auc,test_f1_binary,test_accuracy,cold_bedroc,cold_ef_at_1pct,cold_ef_at_5pct,cv_roc_auc_mean,cv_roc_auc_std,cv_prauc_mean,cv_prauc_std
logistic_regression,0.9768763602934288,0.9959629966067312,0.9459117374061261,0.9128484024473148,0.9999996170985449,1.1819058331994214,1.1819058331994214,0.9747710335645665,0.005196225380446058,0.9933138449571356,0.002662105590515886
random_forest,0.9977775367680252,0.9994696413502067,0.99567377022913,0.9926580557443916,0.9999773640989856,1.1819058331994214,1.1819058331994214,0.9939905924850813,0.003445582211248884,0.9982000833697351,0.0015240552119114006
xgboost,0.9967856901531932,0.9992746467750327,0.9951055123164567,0.9917063222297756,0.9999232726704542,1.1819058331994214,1.1819058331994214,0.9934239182941986,0.002707893319806201,0.9981731133545644,0.0011821881125523282
lightgbm,0.9982891462141184,0.9996436929304309,0.9894004369285541,0.9821889870836166,0.9999985632266596,1.1819058331994214,1.1819058331994214,0.9931105087593058,0.003480462307202842,0.9977081796738083,0.001734125616560278
interaction_mlp,0.9925546913904817,0.9985687120619433,0.9686882003955175,0.9483344663494222,0.9999998144464081,1.1819058331994214,1.1819058331994214,,,,
