model,accuracy,f1_binary,f1_macro,precision_binary,recall_binary,roc_auc,pr_auc
logistic_regression,0.5306122448979592,0.34285714285714286,0.4888888888888889,0.4175257731958763,0.29084380610412924,0.4960390191767722,0.4150643844146019
random_forest,0.6598639455782312,0.3411420204978038,0.5559505313900125,0.9246031746031746,0.20915619389587073,0.7726496617931757,0.7387651977545286
xgboost,0.6836734693877551,0.45684620376378976,0.6168528539480106,0.8243559718969555,0.31597845601436264,0.7430020718976613,0.7158206109821008
lightgbm,0.6844293272864701,0.4323589394969409,0.6069148793271147,0.8907563025210085,0.28545780969479356,0.7756989138943707,0.7476108411736966
interaction_mlp,0.6768707482993197,0.4494526722472634,0.6103909523311738,0.7949886104783599,0.3132854578096948,0.7259631160028313,0.6830867859663058
