model,accuracy,f1_binary,f1_macro,precision_binary,recall_binary,roc_auc,pr_auc
logistic_regression,0.4870242214532872,0.5244587008821171,0.48382559457251395,0.7186813186813187,0.4128787878787879,0.5300081862581862,0.7030332916515845
random_forest,0.7179930795847751,0.8156108597285068,0.6081730769230769,0.7387295081967213,0.9103535353535354,0.7203716422466423,0.8317817999719127
xgboost,0.5441176470588235,0.6110701107011071,0.5301954524247436,0.7353463587921847,0.5227272727272727,0.5761530136530137,0.7489615541067337
lightgbm,0.583044982698962,0.6186708860759493,0.579373610976906,0.8283898305084746,0.4936868686868687,0.6820714008214008,0.8134679575696714
interaction_mlp,0.48961937716262977,0.4485981308411215,0.48677893659608407,0.8633093525179856,0.30303030303030304,0.7094121156621157,0.8267252494312267
