model,accuracy,f1_binary,f1_macro,precision_binary,recall_binary,roc_auc,pr_auc
logistic_regression,0.9128484024473148,0.9459117374061261,0.8608537350899116,0.9959132906894101,0.9006909850554395,0.9768763602934288,0.9959629966067312
random_forest,0.9926580557443916,0.99567377022913,0.9857183931935596,0.9928103530915482,0.9985537522095452,0.9977775367680252,0.9994696413502067
xgboost,0.9917063222297756,0.9951055123164567,0.9839791023976587,0.99375,0.9964647276233328,0.9967856901531932,0.9992746467750327
lightgbm,0.9821889870836166,0.9894004369285541,0.9668397335642345,0.9964146023468058,0.9824843323156034,0.9982891462141184,0.9996436929304309
interaction_mlp,0.9483344663494222,0.9686882003955175,0.910529026382685,0.9940808388296972,0.9445605013659006,0.9925546913904817,0.9985687120619433
