model,accuracy,f1_binary,f1_macro,precision_binary,recall_binary,roc_auc,pr_auc
logistic_regression,1.0,1.0,1.0,1.0,1.0,1.0,1.0
random_forest,1.0,1.0,1.0,1.0,1.0,0.9999999999999999,1.0
xgboost,0.9599332220367279,0.958041958041958,0.9598516499474965,0.9547038327526133,0.9614035087719298,0.9957537154989384,0.9950259552323775
lightgbm,0.9649415692821369,0.9630931458699473,0.9648534091829863,0.9647887323943662,0.9614035087719298,0.9973069616716952,0.997127853077202
