model,accuracy,f1_binary,f1_macro,precision_binary,recall_binary,roc_auc,pr_auc
logistic_regression,0.8664838930774503,0.876270325203252,0.8656433495620308,0.9299002426530062,0.8284890703819361,0.9048890609943647,0.9412928855514805
random_forest,0.9664153529814942,0.971395213076474,0.9653656563307682,0.9450249886415266,0.9992793658419409,0.9920486733306152,0.9926345852686492
xgboost,0.9506511309115833,0.9573055028462998,0.9494224818551082,0.9454204731787303,0.9694931539754984,0.9851438614639887,0.9859398736141616
lightgbm,0.9551747772446881,0.9605406057680704,0.9543302743262057,0.965082444228904,0.9560413163583954,0.9912126502740036,0.9923786292042659
