model,accuracy,f1_binary,f1_macro,precision_binary,recall_binary,roc_auc,pr_auc
logistic_regression,0.9485879797248371,0.9705271897052719,0.8846970226146755,0.9974402730375427,0.9450282942603072,0.9936843168957155,0.9992644718167831
random_forest,0.9855177407675597,0.9919224555735057,0.9609961928217179,0.9911218724778047,0.9927243330638642,0.9970863648612234,0.9996700741425634
xgboost,0.9905865314989138,0.9947389720760825,0.9750327162785911,0.9959481361426256,0.9935327405012127,0.9963340968292465,0.9996000030209957
lightgbm,0.9840695148443157,0.9910569105691057,0.9591046142249502,0.9967293540474244,0.9854486661277284,0.9971986436719663,0.9996830660201723
interaction_mlp,0.9666908037653874,0.9810543657331137,0.921664907417455,1.0,0.9628132578819725,0.9983214317793946,0.9998096895816777
