model,accuracy,f1_binary,f1_macro,precision_binary,recall_binary,roc_auc,pr_auc
logistic_regression,0.9868173258003766,0.9931807111544082,0.8979988062814295,0.9975538160469667,0.9888457807953444,0.9599277244141298,0.9965596689369174
random_forest,0.9934086629001884,0.9966167230546158,0.9346719978909442,0.9932562620423893,1.0,0.990844310253121,0.9996366395207039
xgboost,0.9929378531073446,0.9963706750544399,0.9329679462228722,0.994205697730565,0.998545101842871,0.981938925565533,0.9993327188041246
lightgbm,0.995291902071563,0.9975751697381183,0.9584650042238978,0.9975751697381183,0.9975751697381183,0.9892447044835894,0.9996347202985723
interaction_mlp,0.9915254237288136,0.9956331877729258,0.9263880224578914,0.996116504854369,0.9951503394762367,0.9814617815462594,0.9992922473116592
