{
  "logistic_regression": {
    "accuracy": 0.8664838930774503,
    "f1_binary": 0.876270325203252,
    "f1_macro": 0.8656433495620308,
    "precision_binary": 0.9299002426530062,
    "recall_binary": 0.8284890703819361,
    "confusion_matrix": [
      [
        2872,
        260
      ],
      [
        714,
        3449
      ]
    ],
    "roc_auc": 0.9048890609943647,
    "pr_auc": 0.9412928855514805
  },
  "random_forest": {
    "accuracy": 0.9664153529814942,
    "f1_binary": 0.971395213076474,
    "f1_macro": 0.9653656563307682,
    "precision_binary": 0.9450249886415266,
    "recall_binary": 0.9992793658419409,
    "confusion_matrix": [
      [
        2890,
        242
      ],
      [
        3,
        4160
      ]
    ],
    "roc_auc": 0.9920486733306152,
    "pr_auc": 0.9926345852686492
  },
  "xgboost": {
    "accuracy": 0.9506511309115833,
    "f1_binary": 0.9573055028462998,
    "f1_macro": 0.9494224818551082,
    "precision_binary": 0.9454204731787303,
    "recall_binary": 0.9694931539754984,
    "confusion_matrix": [
      [
        2899,
        233
      ],
      [
        127,
        4036
      ]
    ],
    "roc_auc": 0.9851438614639887,
    "pr_auc": 0.9859398736141616
  },
  "lightgbm": {
    "accuracy": 0.9551747772446881,
    "f1_binary": 0.9605406057680704,
    "f1_macro": 0.9543302743262057,
    "precision_binary": 0.965082444228904,
    "recall_binary": 0.9560413163583954,
    "confusion_matrix": [
      [
        2988,
        144
      ],
      [
        183,
        3980
      ]
    ],
    "roc_auc": 0.9912126502740036,
    "pr_auc": 0.9923786292042659
  },
  "cv_logistic_regression": {
    "f1_macro": {
      "mean": 0.9165539827566747,
      "std": 0.006956007935724384
    },
    "roc_auc": {
      "mean": 0.9341404870351525,
      "std": 0.00830265391932216
    },
    "average_precision": {
      "mean": 0.9583745400733846,
      "std": 0.005680682723201022
    }
  },
  "cv_random_forest": {
    "f1_macro": {
      "mean": 0.9785406728061311,
      "std": 0.003649393425989579
    },
    "roc_auc": {
      "mean": 0.9963770163395855,
      "std": 0.001142352110526442
    },
    "average_precision": {
      "mean": 0.996126627441017,
      "std": 0.0014810291590407114
    }
  },
  "cv_xgboost": {
    "f1_macro": {
      "mean": 0.9722995084979843,
      "std": 0.004029590693860439
    },
    "roc_auc": {
      "mean": 0.9935704190884085,
      "std": 0.001964731584856514
    },
    "average_precision": {
      "mean": 0.9931135145251044,
      "std": 0.002461823618875601
    }
  },
  "cv_lightgbm": {
    "f1_macro": {
      "mean": 0.9812512752970634,
      "std": 0.0033968934040588166
    },
    "roc_auc": {
      "mean": 0.9962089143635466,
      "std": 0.0013829954375921506
    },
    "average_precision": {
      "mean": 0.9956747049737802,
      "std": 0.0016707892542422707
    }
  },
  "cold_start": {
    "model": {
      "0": "logistic_regression",
      "1": "logistic_regression",
      "2": "logistic_regression",
      "3": "logistic_regression",
      "4": "logistic_regression",
      "5": "logistic_regression",
      "6": "random_forest",
      "7": "random_forest",
      "8": "random_forest",
      "9": "random_forest",
      "10": "random_forest",
      "11": "random_forest",
      "12": "xgboost",
      "13": "xgboost",
      "14": "xgboost",
      "15": "xgboost",
      "16": "xgboost",
      "17": "xgboost",
      "18": "lightgbm",
      "19": "lightgbm",
      "20": "lightgbm",
      "21": "lightgbm",
      "22": "lightgbm",
      "23": "lightgbm"
    },
    "split_type": {
      "0": "cold_both",
      "1": "cold_both",
      "2": "cold_both",
      "3": "cold_both",
      "4": "cold_both",
      "5": "cold_both",
      "6": "cold_both",
      "7": "cold_both",
      "8": "cold_both",
      "9": "cold_both",
      "10": "cold_both",
      "11": "cold_both",
      "12": "cold_both",
      "13": "cold_both",
      "14": "cold_both",
      "15": "cold_both",
      "16": "cold_both",
      "17": "cold_both",
      "18": "cold_both",
      "19": "cold_both",
      "20": "cold_both",
      "21": "cold_both",
      "22": "cold_both",
      "23": "cold_both"
    },
    "metric": {
      "0": "roc_auc",
      "1": "pr_auc",
      "2": "f1_binary",
      "3": "ef_at_1pct",
      "4": "ef_at_5pct",
      "5": "bedroc",
      "6": "roc_auc",
      "7": "pr_auc",
      "8": "f1_binary",
      "9": "ef_at_1pct",
      "10": "ef_at_5pct",
      "11": "bedroc",
      "12": "roc_auc",
      "13": "pr_auc",
      "14": "f1_binary",
      "15": "ef_at_1pct",
      "16": "ef_at_5pct",
      "17": "bedroc",
      "18": "roc_auc",
      "19": "pr_auc",
      "20": "f1_binary",
      "21": "ef_at_1pct",
      "22": "ef_at_5pct",
      "23": "bedroc"
    },
    "value": {
      "0": 0.9048890609943647,
      "1": 0.9412928855514805,
      "2": 0.876270325203252,
      "3": 1.7523420610136922,
      "4": 1.7427401867067678,
      "5": 0.9917521537439268,
      "6": 0.9920486733306152,
      "7": 0.9926345852686492,
      "8": 0.971395213076474,
      "9": 1.7523420610136922,
      "10": 1.74754112386023,
      "11": 0.9979667875999443,
      "12": 0.9851438614639887,
      "13": 0.9859398736141616,
      "14": 0.9573055028462998,
      "15": 1.7523420610136922,
      "16": 1.7523420610136922,
      "17": 0.9964226197730098,
      "18": 0.9912126502740036,
      "19": 0.9923786292042659,
      "20": 0.9605406057680704,
      "21": 1.7523420610136922,
      "22": 1.7523420610136922,
      "23": 0.9996653370702567
    }
  }
}