{
  "logistic_regression": {
    "accuracy": 0.4870242214532872,
    "f1_binary": 0.5244587008821171,
    "f1_macro": 0.48382559457251395,
    "precision_binary": 0.7186813186813187,
    "recall_binary": 0.4128787878787879,
    "confusion_matrix": [
      [
        236,
        128
      ],
      [
        465,
        327
      ]
    ],
    "roc_auc": 0.5300081862581862,
    "pr_auc": 0.7030332916515845
  },
  "random_forest": {
    "accuracy": 0.7179930795847751,
    "f1_binary": 0.8156108597285068,
    "f1_macro": 0.6081730769230769,
    "precision_binary": 0.7387295081967213,
    "recall_binary": 0.9103535353535354,
    "confusion_matrix": [
      [
        109,
        255
      ],
      [
        71,
        721
      ]
    ],
    "roc_auc": 0.7203716422466423,
    "pr_auc": 0.8317817999719127
  },
  "xgboost": {
    "accuracy": 0.5441176470588235,
    "f1_binary": 0.6110701107011071,
    "f1_macro": 0.5301954524247436,
    "precision_binary": 0.7353463587921847,
    "recall_binary": 0.5227272727272727,
    "confusion_matrix": [
      [
        215,
        149
      ],
      [
        378,
        414
      ]
    ],
    "roc_auc": 0.5761530136530137,
    "pr_auc": 0.7489615541067337
  },
  "lightgbm": {
    "accuracy": 0.583044982698962,
    "f1_binary": 0.6186708860759493,
    "f1_macro": 0.579373610976906,
    "precision_binary": 0.8283898305084746,
    "recall_binary": 0.4936868686868687,
    "confusion_matrix": [
      [
        283,
        81
      ],
      [
        401,
        391
      ]
    ],
    "roc_auc": 0.6820714008214008,
    "pr_auc": 0.8134679575696714
  },
  "cv_logistic_regression": {
    "f1_macro": {
      "mean": 0.48860963377062544,
      "std": 0.03203906347350524
    },
    "roc_auc": {
      "mean": 0.5131690569148993,
      "std": 0.019185301096283087
    },
    "average_precision": {
      "mean": 0.7295564636861409,
      "std": 0.027184543939879187
    }
  },
  "cv_random_forest": {
    "f1_macro": {
      "mean": 0.619274916444788,
      "std": 0.035858784330791066
    },
    "roc_auc": {
      "mean": 0.7580004124113974,
      "std": 0.05214346578253774
    },
    "average_precision": {
      "mean": 0.9038328983433862,
      "std": 0.015801894602019615
    }
  },
  "cv_xgboost": {
    "f1_macro": {
      "mean": 0.6266744240680925,
      "std": 0.06705586201739148
    },
    "roc_auc": {
      "mean": 0.7116080876425446,
      "std": 0.07790756190600104
    },
    "average_precision": {
      "mean": 0.885260118637726,
      "std": 0.0261913750010697
    }
  },
  "cv_lightgbm": {
    "f1_macro": {
      "mean": 0.6463505909010412,
      "std": 0.08477797909562602
    },
    "roc_auc": {
      "mean": 0.7395131642479821,
      "std": 0.0847081351475652
    },
    "average_precision": {
      "mean": 0.8997386979578602,
      "std": 0.029556515446624326
    }
  },
  "interaction_mlp": {
    "accuracy": 0.48961937716262977,
    "f1_binary": 0.4485981308411215,
    "f1_macro": 0.48677893659608407,
    "precision_binary": 0.8633093525179856,
    "recall_binary": 0.30303030303030304,
    "confusion_matrix": [
      [
        326,
        38
      ],
      [
        552,
        240
      ]
    ],
    "roc_auc": 0.7094121156621157,
    "pr_auc": 0.8267252494312267
  },
  "cold_start": {
    "model": {
      "0": "logistic_regression",
      "1": "logistic_regression",
      "2": "logistic_regression",
      "3": "logistic_regression",
      "4": "logistic_regression",
      "5": "logistic_regression",
      "6": "random_forest",
      "7": "random_forest",
      "8": "random_forest",
      "9": "random_forest",
      "10": "random_forest",
      "11": "random_forest",
      "12": "xgboost",
      "13": "xgboost",
      "14": "xgboost",
      "15": "xgboost",
      "16": "xgboost",
      "17": "xgboost",
      "18": "lightgbm",
      "19": "lightgbm",
      "20": "lightgbm",
      "21": "lightgbm",
      "22": "lightgbm",
      "23": "lightgbm",
      "24": "interaction_mlp",
      "25": "interaction_mlp",
      "26": "interaction_mlp",
      "27": "interaction_mlp",
      "28": "interaction_mlp",
      "29": "interaction_mlp"
    },
    "split_type": {
      "0": "cold_protein",
      "1": "cold_protein",
      "2": "cold_protein",
      "3": "cold_protein",
      "4": "cold_protein",
      "5": "cold_protein",
      "6": "cold_protein",
      "7": "cold_protein",
      "8": "cold_protein",
      "9": "cold_protein",
      "10": "cold_protein",
      "11": "cold_protein",
      "12": "cold_protein",
      "13": "cold_protein",
      "14": "cold_protein",
      "15": "cold_protein",
      "16": "cold_protein",
      "17": "cold_protein",
      "18": "cold_protein",
      "19": "cold_protein",
      "20": "cold_protein",
      "21": "cold_protein",
      "22": "cold_protein",
      "23": "cold_protein",
      "24": "cold_protein",
      "25": "cold_protein",
      "26": "cold_protein",
      "27": "cold_protein",
      "28": "cold_protein",
      "29": "cold_protein"
    },
    "metric": {
      "0": "roc_auc",
      "1": "pr_auc",
      "2": "f1_binary",
      "3": "ef_at_1pct",
      "4": "ef_at_5pct",
      "5": "bedroc",
      "6": "roc_auc",
      "7": "pr_auc",
      "8": "f1_binary",
      "9": "ef_at_1pct",
      "10": "ef_at_5pct",
      "11": "bedroc",
      "12": "roc_auc",
      "13": "pr_auc",
      "14": "f1_binary",
      "15": "ef_at_1pct",
      "16": "ef_at_5pct",
      "17": "bedroc",
      "18": "roc_auc",
      "19": "pr_auc",
      "20": "f1_binary",
      "21": "ef_at_1pct",
      "22": "ef_at_5pct",
      "23": "bedroc",
      "24": "roc_auc",
      "25": "pr_auc",
      "26": "f1_binary",
      "27": "ef_at_1pct",
      "28": "ef_at_5pct",
      "29": "bedroc"
    },
    "value": {
      "0": 0.5300081862581862,
      "1": 0.7030332916515845,
      "2": 0.5244587008821171,
      "3": 0.9730639730639731,
      "4": 0.956287008011146,
      "5": 0.7030332916515845,
      "6": 0.7203716422466423,
      "7": 0.8317817999719127,
      "8": 0.8156108597285068,
      "9": 1.2163299663299665,
      "10": 1.283437826541275,
      "11": 0.8317817999719127,
      "12": 0.5761530136530137,
      "13": 0.7489615541067337,
      "14": 0.6110701107011071,
      "15": 1.337962962962963,
      "16": 1.2331069313827936,
      "17": 0.7489615541067337,
      "18": 0.6820714008214008,
      "19": 0.8134679575696714,
      "20": 0.6186708860759493,
      "21": 1.4595959595959598,
      "22": 1.358934169278997,
      "23": 0.8134679575696714,
      "24": 0.7094121156621157,
      "25": 0.8267252494312267,
      "26": 0.4485981308411215,
      "27": 1.2163299663299665,
      "28": 1.4092650644374785,
      "29": 0.8267252494312267
    }
  }
}