{
  "logistic_regression": {
    "accuracy": 0.9128484024473148,
    "f1_binary": 0.9459117374061261,
    "f1_macro": 0.8608537350899116,
    "precision_binary": 0.9959132906894101,
    "recall_binary": 0.9006909850554395,
    "confusion_matrix": [
      [
        1109,
        23
      ],
      [
        618,
        5605
      ]
    ],
    "roc_auc": 0.9768763602934288,
    "pr_auc": 0.9959629966067312
  },
  "random_forest": {
    "accuracy": 0.9926580557443916,
    "f1_binary": 0.99567377022913,
    "f1_macro": 0.9857183931935596,
    "precision_binary": 0.9928103530915482,
    "recall_binary": 0.9985537522095452,
    "confusion_matrix": [
      [
        1087,
        45
      ],
      [
        9,
        6214
      ]
    ],
    "roc_auc": 0.9977775367680252,
    "pr_auc": 0.9994696413502067
  },
  "xgboost": {
    "accuracy": 0.9917063222297756,
    "f1_binary": 0.9951055123164567,
    "f1_macro": 0.9839791023976587,
    "precision_binary": 0.99375,
    "recall_binary": 0.9964647276233328,
    "confusion_matrix": [
      [
        1093,
        39
      ],
      [
        22,
        6201
      ]
    ],
    "roc_auc": 0.9967856901531932,
    "pr_auc": 0.9992746467750327,
    "shap_group_importance": {
      "block": [
        "ligand",
        "protein",
        "aux"
      ],
      "mean_abs_shap": [
        9.119319915771484,
        1.2241019010543823,
        0.008055984042584896
      ],
      "fraction": [
        0.8809680938720703,
        0.11825385689735413,
        0.0007782449247315526
      ]
    }
  },
  "lightgbm": {
    "accuracy": 0.9821889870836166,
    "f1_binary": 0.9894004369285541,
    "f1_macro": 0.9668397335642345,
    "precision_binary": 0.9964146023468058,
    "recall_binary": 0.9824843323156034,
    "confusion_matrix": [
      [
        1110,
        22
      ],
      [
        109,
        6114
      ]
    ],
    "roc_auc": 0.9982891462141184,
    "pr_auc": 0.9996436929304309,
    "shap_group_importance": {
      "block": [
        "ligand",
        "protein",
        "aux"
      ],
      "mean_abs_shap": [
        10.666323402955927,
        1.7322301324848133,
        0.0022703719921997613
      ],
      "fraction": [
        0.8601302205866044,
        0.1396866970626469,
        0.00018308235074920482
      ]
    }
  },
  "cv_logistic_regression": {
    "f1_macro": {
      "mean": 0.892451923969275,
      "std": 0.018101622202342807
    },
    "roc_auc": {
      "mean": 0.9747710335645665,
      "std": 0.005196225380446058
    },
    "average_precision": {
      "mean": 0.9933138449571356,
      "std": 0.002662105590515886
    }
  },
  "cv_random_forest": {
    "f1_macro": {
      "mean": 0.9780927329235365,
      "std": 0.008265712832563018
    },
    "roc_auc": {
      "mean": 0.9939905924850813,
      "std": 0.003445582211248884
    },
    "average_precision": {
      "mean": 0.9982000833697351,
      "std": 0.0015240552119114006
    }
  },
  "cv_xgboost": {
    "f1_macro": {
      "mean": 0.9779301014347084,
      "std": 0.00854941544592434
    },
    "roc_auc": {
      "mean": 0.9934239182941986,
      "std": 0.002707893319806201
    },
    "average_precision": {
      "mean": 0.9981731133545644,
      "std": 0.0011821881125523282
    }
  },
  "cv_lightgbm": {
    "f1_macro": {
      "mean": 0.9760968226176526,
      "std": 0.008729057664591155
    },
    "roc_auc": {
      "mean": 0.9931105087593058,
      "std": 0.003480462307202842
    },
    "average_precision": {
      "mean": 0.9977081796738083,
      "std": 0.001734125616560278
    }
  },
  "interaction_mlp": {
    "accuracy": 0.9483344663494222,
    "f1_binary": 0.9686882003955175,
    "f1_macro": 0.910529026382685,
    "precision_binary": 0.9940808388296972,
    "recall_binary": 0.9445605013659006,
    "confusion_matrix": [
      [
        1097,
        35
      ],
      [
        345,
        5878
      ]
    ],
    "roc_auc": 0.9925546913904817,
    "pr_auc": 0.9985687120619433
  },
  "cold_start": {
    "model": {
      "0": "logistic_regression",
      "1": "logistic_regression",
      "2": "logistic_regression",
      "3": "logistic_regression",
      "4": "logistic_regression",
      "5": "logistic_regression",
      "6": "random_forest",
      "7": "random_forest",
      "8": "random_forest",
      "9": "random_forest",
      "10": "random_forest",
      "11": "random_forest",
      "12": "xgboost",
      "13": "xgboost",
      "14": "xgboost",
      "15": "xgboost",
      "16": "xgboost",
      "17": "xgboost",
      "18": "lightgbm",
      "19": "lightgbm",
      "20": "lightgbm",
      "21": "lightgbm",
      "22": "lightgbm",
      "23": "lightgbm",
      "24": "interaction_mlp",
      "25": "interaction_mlp",
      "26": "interaction_mlp",
      "27": "interaction_mlp",
      "28": "interaction_mlp",
      "29": "interaction_mlp"
    },
    "split_type": {
      "0": "cold_both",
      "1": "cold_both",
      "2": "cold_both",
      "3": "cold_both",
      "4": "cold_both",
      "5": "cold_both",
      "6": "cold_both",
      "7": "cold_both",
      "8": "cold_both",
      "9": "cold_both",
      "10": "cold_both",
      "11": "cold_both",
      "12": "cold_both",
      "13": "cold_both",
      "14": "cold_both",
      "15": "cold_both",
      "16": "cold_both",
      "17": "cold_both",
      "18": "cold_both",
      "19": "cold_both",
      "20": "cold_both",
      "21": "cold_both",
      "22": "cold_both",
      "23": "cold_both",
      "24": "cold_both",
      "25": "cold_both",
      "26": "cold_both",
      "27": "cold_both",
      "28": "cold_both",
      "29": "cold_both"
    },
    "metric": {
      "0": "roc_auc",
      "1": "pr_auc",
      "2": "f1_binary",
      "3": "ef_at_1pct",
      "4": "ef_at_5pct",
      "5": "bedroc",
      "6": "roc_auc",
      "7": "pr_auc",
      "8": "f1_binary",
      "9": "ef_at_1pct",
      "10": "ef_at_5pct",
      "11": "bedroc",
      "12": "roc_auc",
      "13": "pr_auc",
      "14": "f1_binary",
      "15": "ef_at_1pct",
      "16": "ef_at_5pct",
      "17": "bedroc",
      "18": "roc_auc",
      "19": "pr_auc",
      "20": "f1_binary",
      "21": "ef_at_1pct",
      "22": "ef_at_5pct",
      "23": "bedroc",
      "24": "roc_auc",
      "25": "pr_auc",
      "26": "f1_binary",
      "27": "ef_at_1pct",
      "28": "ef_at_5pct",
      "29": "bedroc"
    },
    "value": {
      "0": 0.9768763602934288,
      "1": 0.9959629966067312,
      "2": 0.9459117374061261,
      "3": 1.1819058331994214,
      "4": 1.1819058331994214,
      "5": 0.9999996170985449,
      "6": 0.9977775367680252,
      "7": 0.9994696413502067,
      "8": 0.99567377022913,
      "9": 1.1819058331994214,
      "10": 1.1819058331994214,
      "11": 0.9999773640989856,
      "12": 0.9967856901531932,
      "13": 0.9992746467750327,
      "14": 0.9951055123164567,
      "15": 1.1819058331994214,
      "16": 1.1819058331994214,
      "17": 0.9999232726704542,
      "18": 0.9982891462141184,
      "19": 0.9996436929304309,
      "20": 0.9894004369285541,
      "21": 1.1819058331994214,
      "22": 1.1819058331994214,
      "23": 0.9999985632266596,
      "24": 0.9925546913904817,
      "25": 0.9985687120619433,
      "26": 0.9686882003955175,
      "27": 1.1819058331994214,
      "28": 1.1819058331994214,
      "29": 0.9999998144464081
    }
  }
}