{
  "logistic_regression": {
    "accuracy": 0.9868173258003766,
    "f1_binary": 0.9931807111544082,
    "f1_macro": 0.8979988062814295,
    "precision_binary": 0.9975538160469667,
    "recall_binary": 0.9888457807953444,
    "confusion_matrix": [
      [
        57,
        5
      ],
      [
        23,
        2039
      ]
    ],
    "roc_auc": 0.9599277244141298,
    "pr_auc": 0.9965596689369174
  },
  "random_forest": {
    "accuracy": 0.9934086629001884,
    "f1_binary": 0.9966167230546158,
    "f1_macro": 0.9346719978909442,
    "precision_binary": 0.9932562620423893,
    "recall_binary": 1.0,
    "confusion_matrix": [
      [
        48,
        14
      ],
      [
        0,
        2062
      ]
    ],
    "roc_auc": 0.990844310253121,
    "pr_auc": 0.9996366395207039
  },
  "xgboost": {
    "accuracy": 0.9929378531073446,
    "f1_binary": 0.9963706750544399,
    "f1_macro": 0.9329679462228722,
    "precision_binary": 0.994205697730565,
    "recall_binary": 0.998545101842871,
    "confusion_matrix": [
      [
        50,
        12
      ],
      [
        3,
        2059
      ]
    ],
    "roc_auc": 0.981938925565533,
    "pr_auc": 0.9993327188041246
  },
  "lightgbm": {
    "accuracy": 0.995291902071563,
    "f1_binary": 0.9975751697381183,
    "f1_macro": 0.9584650042238978,
    "precision_binary": 0.9975751697381183,
    "recall_binary": 0.9975751697381183,
    "confusion_matrix": [
      [
        57,
        5
      ],
      [
        5,
        2057
      ]
    ],
    "roc_auc": 0.9892447044835894,
    "pr_auc": 0.9996347202985723
  },
  "cv_logistic_regression": {
    "f1_macro": {
      "mean": 0.8325197136034532,
      "std": 0.04441483799874277
    },
    "roc_auc": {
      "mean": 0.9535931353691052,
      "std": 0.023140242378485228
    },
    "average_precision": {
      "mean": 0.9974619617871687,
      "std": 0.00144206923625413
    }
  },
  "cv_random_forest": {
    "f1_macro": {
      "mean": 0.883283359955028,
      "std": 0.047839582143199985
    },
    "roc_auc": {
      "mean": 0.9760315684800908,
      "std": 0.004073640495087802
    },
    "average_precision": {
      "mean": 0.9987474877428089,
      "std": 0.0004205618018741922
    }
  },
  "cv_xgboost": {
    "f1_macro": {
      "mean": 0.9141760402487528,
      "std": 0.03677651223379849
    },
    "roc_auc": {
      "mean": 0.9800493879681902,
      "std": 0.00574981293785677
    },
    "average_precision": {
      "mean": 0.9992268861513883,
      "std": 0.00020190271292044138
    }
  },
  "cv_lightgbm": {
    "f1_macro": {
      "mean": 0.9321018922846166,
      "std": 0.025433568941447812
    },
    "roc_auc": {
      "mean": 0.9781493215066647,
      "std": 0.0051694056549761655
    },
    "average_precision": {
      "mean": 0.9991023941878657,
      "std": 0.00024441774278264017
    }
  },
  "interaction_mlp": {
    "accuracy": 0.9915254237288136,
    "f1_binary": 0.9956331877729258,
    "f1_macro": 0.9263880224578914,
    "precision_binary": 0.996116504854369,
    "recall_binary": 0.9951503394762367,
    "confusion_matrix": [
      [
        54,
        8
      ],
      [
        10,
        2052
      ]
    ],
    "roc_auc": 0.9814617815462594,
    "pr_auc": 0.9992922473116592
  },
  "cold_start": {
    "model": {
      "0": "logistic_regression",
      "1": "logistic_regression",
      "2": "logistic_regression",
      "3": "logistic_regression",
      "4": "logistic_regression",
      "5": "logistic_regression",
      "6": "random_forest",
      "7": "random_forest",
      "8": "random_forest",
      "9": "random_forest",
      "10": "random_forest",
      "11": "random_forest",
      "12": "xgboost",
      "13": "xgboost",
      "14": "xgboost",
      "15": "xgboost",
      "16": "xgboost",
      "17": "xgboost",
      "18": "lightgbm",
      "19": "lightgbm",
      "20": "lightgbm",
      "21": "lightgbm",
      "22": "lightgbm",
      "23": "lightgbm",
      "24": "interaction_mlp",
      "25": "interaction_mlp",
      "26": "interaction_mlp",
      "27": "interaction_mlp",
      "28": "interaction_mlp",
      "29": "interaction_mlp"
    },
    "split_type": {
      "0": "cold_protein",
      "1": "cold_protein",
      "2": "cold_protein",
      "3": "cold_protein",
      "4": "cold_protein",
      "5": "cold_protein",
      "6": "cold_protein",
      "7": "cold_protein",
      "8": "cold_protein",
      "9": "cold_protein",
      "10": "cold_protein",
      "11": "cold_protein",
      "12": "cold_protein",
      "13": "cold_protein",
      "14": "cold_protein",
      "15": "cold_protein",
      "16": "cold_protein",
      "17": "cold_protein",
      "18": "cold_protein",
      "19": "cold_protein",
      "20": "cold_protein",
      "21": "cold_protein",
      "22": "cold_protein",
      "23": "cold_protein",
      "24": "cold_protein",
      "25": "cold_protein",
      "26": "cold_protein",
      "27": "cold_protein",
      "28": "cold_protein",
      "29": "cold_protein"
    },
    "metric": {
      "0": "roc_auc",
      "1": "pr_auc",
      "2": "f1_binary",
      "3": "ef_at_1pct",
      "4": "ef_at_5pct",
      "5": "bedroc",
      "6": "roc_auc",
      "7": "pr_auc",
      "8": "f1_binary",
      "9": "ef_at_1pct",
      "10": "ef_at_5pct",
      "11": "bedroc",
      "12": "roc_auc",
      "13": "pr_auc",
      "14": "f1_binary",
      "15": "ef_at_1pct",
      "16": "ef_at_5pct",
      "17": "bedroc",
      "18": "roc_auc",
      "19": "pr_auc",
      "20": "f1_binary",
      "21": "ef_at_1pct",
      "22": "ef_at_5pct",
      "23": "bedroc",
      "24": "roc_auc",
      "25": "pr_auc",
      "26": "f1_binary",
      "27": "ef_at_1pct",
      "28": "ef_at_5pct",
      "29": "bedroc"
    },
    "value": {
      "0": 0.9599277244141298,
      "1": 0.9965596689369174,
      "2": 0.9931807111544082,
      "3": 1.0300678952473326,
      "4": 1.010814289728691,
      "5": 0.9797603174782341,
      "6": 0.990844310253121,
      "7": 0.9996366395207039,
      "8": 0.9966167230546158,
      "9": 1.0300678952473326,
      "10": 1.0300678952473326,
      "11": 0.999999990063571,
      "12": 0.981938925565533,
      "13": 0.9993327188041246,
      "14": 0.9963706750544399,
      "15": 1.0300678952473326,
      "16": 1.0300678952473326,
      "17": 0.9999996664474616,
      "18": 0.9892447044835894,
      "19": 0.9996347202985723,
      "20": 0.9975751697381183,
      "21": 1.0300678952473326,
      "22": 1.0300678952473326,
      "23": 0.9999999736771805,
      "24": 0.9814617815462594,
      "25": 0.9992922473116592,
      "26": 0.9956331877729258,
      "27": 1.0300678952473326,
      "28": 1.0300678952473326,
      "29": 0.999997140009495
    }
  }
}