{
  "logistic_regression": {
    "accuracy": 0.9485879797248371,
    "f1_binary": 0.9705271897052719,
    "f1_macro": 0.8846970226146755,
    "precision_binary": 0.9974402730375427,
    "recall_binary": 0.9450282942603072,
    "confusion_matrix": [
      [
        141,
        3
      ],
      [
        68,
        1169
      ]
    ],
    "roc_auc": 0.9936843168957155,
    "pr_auc": 0.9992644718167831
  },
  "random_forest": {
    "accuracy": 0.9855177407675597,
    "f1_binary": 0.9919224555735057,
    "f1_macro": 0.9609961928217179,
    "precision_binary": 0.9911218724778047,
    "recall_binary": 0.9927243330638642,
    "confusion_matrix": [
      [
        133,
        11
      ],
      [
        9,
        1228
      ]
    ],
    "roc_auc": 0.9970863648612234,
    "pr_auc": 0.9996700741425634
  },
  "xgboost": {
    "accuracy": 0.9905865314989138,
    "f1_binary": 0.9947389720760825,
    "f1_macro": 0.9750327162785911,
    "precision_binary": 0.9959481361426256,
    "recall_binary": 0.9935327405012127,
    "confusion_matrix": [
      [
        139,
        5
      ],
      [
        8,
        1229
      ]
    ],
    "roc_auc": 0.9963340968292465,
    "pr_auc": 0.9996000030209957,
    "shap_group_importance": {
      "block": [
        "ligand",
        "protein",
        "aux"
      ],
      "mean_abs_shap": [
        10.815848350524902,
        2.68446683883667,
        0.0015041539445519447
      ],
      "fraction": [
        0.8010658025741577,
        0.19882255792617798,
        0.00011140376591356471
      ]
    }
  },
  "lightgbm": {
    "accuracy": 0.9840695148443157,
    "f1_binary": 0.9910569105691057,
    "f1_macro": 0.9591046142249502,
    "precision_binary": 0.9967293540474244,
    "recall_binary": 0.9854486661277284,
    "confusion_matrix": [
      [
        140,
        4
      ],
      [
        18,
        1219
      ]
    ],
    "roc_auc": 0.9971986436719663,
    "pr_auc": 0.9996830660201723,
    "shap_group_importance": {
      "block": [
        "ligand",
        "protein",
        "aux"
      ],
      "mean_abs_shap": [
        6.221493080349615,
        0.7872451143820502,
        0.0012722786187167104
      ],
      "fraction": [
        0.8875155185575772,
        0.11230298690349773,
        0.00018149453892450944
      ]
    }
  },
  "cv_logistic_regression": {
    "f1_macro": {
      "mean": 0.9416297341891766,
      "std": 0.025555640865735717
    },
    "roc_auc": {
      "mean": 0.9920094159110343,
      "std": 0.001806377607303606
    },
    "average_precision": {
      "mean": 0.9982751111664474,
      "std": 0.0006830946907463745
    }
  },
  "cv_random_forest": {
    "f1_macro": {
      "mean": 0.9746936872825647,
      "std": 0.01040464009745039
    },
    "roc_auc": {
      "mean": 0.9954269627614956,
      "std": 0.0030880583651627575
    },
    "average_precision": {
      "mean": 0.9988095602607652,
      "std": 0.0011832282451569355
    }
  },
  "cv_xgboost": {
    "f1_macro": {
      "mean": 0.9791170607699339,
      "std": 0.01290005289354544
    },
    "roc_auc": {
      "mean": 0.9952094691337307,
      "std": 0.002689438699617196
    },
    "average_precision": {
      "mean": 0.9989058759390094,
      "std": 0.0007553603786682942
    }
  },
  "cv_lightgbm": {
    "f1_macro": {
      "mean": 0.9768199853903775,
      "std": 0.011690085743636773
    },
    "roc_auc": {
      "mean": 0.995510619823752,
      "std": 0.0029492827844488177
    },
    "average_precision": {
      "mean": 0.9989521203760259,
      "std": 0.0008398914359058961
    }
  },
  "interaction_mlp": {
    "accuracy": 0.9666908037653874,
    "f1_binary": 0.9810543657331137,
    "f1_macro": 0.921664907417455,
    "precision_binary": 1.0,
    "recall_binary": 0.9628132578819725,
    "confusion_matrix": [
      [
        144,
        0
      ],
      [
        46,
        1191
      ]
    ],
    "roc_auc": 0.9983214317793946,
    "pr_auc": 0.9998096895816777
  },
  "cold_start": {
    "model": {
      "0": "logistic_regression",
      "1": "logistic_regression",
      "2": "logistic_regression",
      "3": "logistic_regression",
      "4": "logistic_regression",
      "5": "logistic_regression",
      "6": "random_forest",
      "7": "random_forest",
      "8": "random_forest",
      "9": "random_forest",
      "10": "random_forest",
      "11": "random_forest",
      "12": "xgboost",
      "13": "xgboost",
      "14": "xgboost",
      "15": "xgboost",
      "16": "xgboost",
      "17": "xgboost",
      "18": "lightgbm",
      "19": "lightgbm",
      "20": "lightgbm",
      "21": "lightgbm",
      "22": "lightgbm",
      "23": "lightgbm",
      "24": "interaction_mlp",
      "25": "interaction_mlp",
      "26": "interaction_mlp",
      "27": "interaction_mlp",
      "28": "interaction_mlp",
      "29": "interaction_mlp"
    },
    "split_type": {
      "0": "cold_both",
      "1": "cold_both",
      "2": "cold_both",
      "3": "cold_both",
      "4": "cold_both",
      "5": "cold_both",
      "6": "cold_both",
      "7": "cold_both",
      "8": "cold_both",
      "9": "cold_both",
      "10": "cold_both",
      "11": "cold_both",
      "12": "cold_both",
      "13": "cold_both",
      "14": "cold_both",
      "15": "cold_both",
      "16": "cold_both",
      "17": "cold_both",
      "18": "cold_both",
      "19": "cold_both",
      "20": "cold_both",
      "21": "cold_both",
      "22": "cold_both",
      "23": "cold_both",
      "24": "cold_both",
      "25": "cold_both",
      "26": "cold_both",
      "27": "cold_both",
      "28": "cold_both",
      "29": "cold_both"
    },
    "metric": {
      "0": "roc_auc",
      "1": "pr_auc",
      "2": "f1_binary",
      "3": "ef_at_1pct",
      "4": "ef_at_5pct",
      "5": "bedroc",
      "6": "roc_auc",
      "7": "pr_auc",
      "8": "f1_binary",
      "9": "ef_at_1pct",
      "10": "ef_at_5pct",
      "11": "bedroc",
      "12": "roc_auc",
      "13": "pr_auc",
      "14": "f1_binary",
      "15": "ef_at_1pct",
      "16": "ef_at_5pct",
      "17": "bedroc",
      "18": "roc_auc",
      "19": "pr_auc",
      "20": "f1_binary",
      "21": "ef_at_1pct",
      "22": "ef_at_5pct",
      "23": "bedroc",
      "24": "roc_auc",
      "25": "pr_auc",
      "26": "f1_binary",
      "27": "ef_at_1pct",
      "28": "ef_at_5pct",
      "29": "bedroc"
    },
    "value": {
      "0": 0.9936843168957155,
      "1": 0.9992644718167831,
      "2": 0.9705271897052719,
      "3": 1.1164106709781731,
      "4": 1.1164106709781731,
      "5": 0.9999999894192902,
      "6": 0.9970863648612234,
      "7": 0.9996700741425634,
      "8": 0.9919224555735057,
      "9": 1.1164106709781731,
      "10": 1.1164106709781731,
      "11": 0.9999999985063003,
      "12": 0.9963340968292465,
      "13": 0.9996000030209957,
      "14": 0.9947389720760825,
      "15": 1.1164106709781731,
      "16": 1.1164106709781731,
      "17": 0.9999999982495676,
      "18": 0.9971986436719663,
      "19": 0.9996830660201723,
      "20": 0.9910569105691057,
      "21": 1.1164106709781731,
      "22": 1.1164106709781731,
      "23": 0.9999999980498439,
      "24": 0.9983214317793946,
      "25": 0.9998096895816777,
      "26": 0.9810543657331137,
      "27": 1.1164106709781731,
      "28": 1.1164106709781731,
      "29": 0.9999999989904766
    }
  }
}