{
  "logistic_regression": {
    "accuracy": 0.5765532331433177,
    "balanced_accuracy": 0.5710862377202768,
    "f1_binary": 0.4887552573951128,
    "f1_macro": 0.5636852283928806,
    "precision_binary": 0.5843896762395578,
    "recall_binary": 0.4200197150282283,
    "confusion_matrix": [
      [
        25991,
        10000
      ],
      [
        19416,
        14061
      ]
    ],
    "test_pos_rate": 0.48190533770944893,
    "majority_class_accuracy": 0.5180946622905511,
    "majority_class_pr_auc": 0.48190533770944893,
    "roc_auc": 0.6061287848207269,
    "pr_auc": 0.5627702077691901
  },
  "random_forest": {
    "accuracy": 0.5500950077733633,
    "balanced_accuracy": 0.5341700501645609,
    "f1_binary": 0.1678027478964746,
    "f1_macro": 0.4297585449878901,
    "precision_binary": 0.7724932581515077,
    "recall_binary": 0.09412432416285808,
    "confusion_matrix": [
      [
        35063,
        928
      ],
      [
        30326,
        3151
      ]
    ],
    "test_pos_rate": 0.48190533770944893,
    "majority_class_accuracy": 0.5180946622905511,
    "majority_class_pr_auc": 0.48190533770944893,
    "roc_auc": 0.7006743794958905,
    "pr_auc": 0.6598063459772481
  },
  "xgboost": {
    "accuracy": 0.6224016813496862,
    "balanced_accuracy": 0.6137925075308516,
    "f1_binary": 0.4896593318936166,
    "f1_macro": 0.5950015932461218,
    "precision_binary": 0.7021537774801919,
    "recall_binary": 0.375899871553604,
    "confusion_matrix": [
      [
        30653,
        5338
      ],
      [
        20893,
        12584
      ]
    ],
    "test_pos_rate": 0.48190533770944893,
    "majority_class_accuracy": 0.5180946622905511,
    "majority_class_pr_auc": 0.48190533770944893,
    "roc_auc": 0.7136683409301277,
    "pr_auc": 0.6639095390189506,
    "shap_group_importance": {
      "block": [
        "protein",
        "ligand",
        "aux"
      ],
      "mean_abs_shap": [
        2.331073045730591,
        1.9933761358261108,
        0.018872924149036407
      ],
      "fraction": [
        0.5367026925086975,
        0.4589518904685974,
        0.0043452731333673
      ]
    }
  },
  "lightgbm": {
    "accuracy": 0.6044509702308977,
    "balanced_accuracy": 0.5933848394241026,
    "f1_binary": 0.4120340651345915,
    "f1_macro": 0.5570072496992451,
    "precision_binary": 0.7262578260541601,
    "recall_binary": 0.2876004420945724,
    "confusion_matrix": [
      [
        32362,
        3629
      ],
      [
        23849,
        9628
      ]
    ],
    "test_pos_rate": 0.48190533770944893,
    "majority_class_accuracy": 0.5180946622905511,
    "majority_class_pr_auc": 0.48190533770944893,
    "roc_auc": 0.7150569604643895,
    "pr_auc": 0.6756859142246916,
    "shap_group_importance": {
      "block": [
        "protein",
        "ligand",
        "aux"
      ],
      "mean_abs_shap": [
        3.0415056150572575,
        2.8866895065928806,
        0.03479420011652136
      ],
      "fraction": [
        0.5100639043499325,
        0.48410106924988416,
        0.0058350264001836025
      ]
    }
  },
  "cv_logistic_regression": {
    "f1_macro": {
      "mean": 0.590725669697447,
      "std": 0.025370259041305014
    },
    "roc_auc": {
      "mean": 0.6284476234774815,
      "std": 0.027929603803059404
    },
    "average_precision": {
      "mean": 0.587291558025645,
      "std": 0.02142732689451428
    }
  },
  "cv_random_forest": {
    "f1_macro": {
      "mean": 0.4404347051951782,
      "std": 0.017784919688737726
    },
    "roc_auc": {
      "mean": 0.6971827140123429,
      "std": 0.004109546541073601
    },
    "average_precision": {
      "mean": 0.6513245365016512,
      "std": 0.01488497349273078
    }
  },
  "cv_xgboost": {
    "f1_macro": {
      "mean": 0.592255113736665,
      "std": 0.023970421137123856
    },
    "roc_auc": {
      "mean": 0.703755465247307,
      "std": 0.015675717926070823
    },
    "average_precision": {
      "mean": 0.656054091700815,
      "std": 0.018432130892589743
    }
  },
  "cv_lightgbm": {
    "f1_macro": {
      "mean": 0.5572010758502413,
      "std": 0.026394007548979685
    },
    "roc_auc": {
      "mean": 0.7090187283143382,
      "std": 0.017617997345051456
    },
    "average_precision": {
      "mean": 0.6631030657686103,
      "std": 0.019307392526982877
    }
  },
  "interaction_mlp": {
    "accuracy": 0.6239563540047216,
    "balanced_accuracy": 0.6169036845046313,
    "f1_binary": 0.5196123503558359,
    "f1_macro": 0.605336409221226,
    "precision_binary": 0.6759161802698307,
    "recall_binary": 0.4220210891059533,
    "confusion_matrix": [
      [
        29217,
        6774
      ],
      [
        19349,
        14128
      ]
    ],
    "test_pos_rate": 0.48190533770944893,
    "majority_class_accuracy": 0.5180946622905511,
    "majority_class_pr_auc": 0.48190533770944893,
    "roc_auc": 0.6896920069283418,
    "pr_auc": 0.6463135813154997
  },
  "cold_start": {
    "model": {
      "0": "logistic_regression",
      "1": "logistic_regression",
      "2": "logistic_regression",
      "3": "logistic_regression",
      "4": "logistic_regression",
      "5": "logistic_regression",
      "6": "random_forest",
      "7": "random_forest",
      "8": "random_forest",
      "9": "random_forest",
      "10": "random_forest",
      "11": "random_forest",
      "12": "xgboost",
      "13": "xgboost",
      "14": "xgboost",
      "15": "xgboost",
      "16": "xgboost",
      "17": "xgboost",
      "18": "lightgbm",
      "19": "lightgbm",
      "20": "lightgbm",
      "21": "lightgbm",
      "22": "lightgbm",
      "23": "lightgbm",
      "24": "interaction_mlp",
      "25": "interaction_mlp",
      "26": "interaction_mlp",
      "27": "interaction_mlp",
      "28": "interaction_mlp",
      "29": "interaction_mlp"
    },
    "split_type": {
      "0": "cold_both",
      "1": "cold_both",
      "2": "cold_both",
      "3": "cold_both",
      "4": "cold_both",
      "5": "cold_both",
      "6": "cold_both",
      "7": "cold_both",
      "8": "cold_both",
      "9": "cold_both",
      "10": "cold_both",
      "11": "cold_both",
      "12": "cold_both",
      "13": "cold_both",
      "14": "cold_both",
      "15": "cold_both",
      "16": "cold_both",
      "17": "cold_both",
      "18": "cold_both",
      "19": "cold_both",
      "20": "cold_both",
      "21": "cold_both",
      "22": "cold_both",
      "23": "cold_both",
      "24": "cold_both",
      "25": "cold_both",
      "26": "cold_both",
      "27": "cold_both",
      "28": "cold_both",
      "29": "cold_both"
    },
    "metric": {
      "0": "roc_auc",
      "1": "pr_auc",
      "2": "f1_binary",
      "3": "ef_at_1pct",
      "4": "ef_at_5pct",
      "5": "bedroc",
      "6": "roc_auc",
      "7": "pr_auc",
      "8": "f1_binary",
      "9": "ef_at_1pct",
      "10": "ef_at_5pct",
      "11": "bedroc",
      "12": "roc_auc",
      "13": "pr_auc",
      "14": "f1_binary",
      "15": "ef_at_1pct",
      "16": "ef_at_5pct",
      "17": "bedroc",
      "18": "roc_auc",
      "19": "pr_auc",
      "20": "f1_binary",
      "21": "ef_at_1pct",
      "22": "ef_at_5pct",
      "23": "bedroc",
      "24": "roc_auc",
      "25": "pr_auc",
      "26": "f1_binary",
      "27": "ef_at_1pct",
      "28": "ef_at_5pct",
      "29": "bedroc"
    },
    "value": {
      "0": 0.776038511076525,
      "1": 0.7405156081354722,
      "2": 0.7213315550232723,
      "3": 1.716806320155812,
      "4": 1.7322335552421912,
      "5": 0.8269205420854864,
      "6": 0.9831330479013795,
      "7": 0.9838349771422974,
      "8": 0.9149011641030602,
      "9": 2.075096334797025,
      "10": 2.075096334797025,
      "11": 0.9998942962135627,
      "12": 0.7136683409301277,
      "13": 0.6639095390189506,
      "14": 0.4896593318936166,
      "15": 1.692920319179731,
      "16": 1.5118217683855122,
      "17": 0.7315216540453254,
      "18": 0.8820979656367396,
      "19": 0.8763810795183035,
      "20": 0.7833712948759665,