{
  "logistic_regression": {
    "accuracy": 0.5306122448979592,
    "f1_binary": 0.34285714285714286,
    "f1_macro": 0.4888888888888889,
    "precision_binary": 0.4175257731958763,
    "recall_binary": 0.29084380610412924,
    "confusion_matrix": [
      [
        1080,
        452
      ],
      [
        790,
        324
      ]
    ],
    "roc_auc": 0.4960390191767722,
    "pr_auc": 0.4150643844146019
  },
  "random_forest": {
    "accuracy": 0.6598639455782312,
    "f1_binary": 0.3411420204978038,
    "f1_macro": 0.5559505313900125,
    "precision_binary": 0.9246031746031746,
    "recall_binary": 0.20915619389587073,
    "confusion_matrix": [
      [
        1513,
        19
      ],
      [
        881,
        233
      ]
    ],
    "roc_auc": 0.7726496617931757,
    "pr_auc": 0.7387651977545286
  },
  "xgboost": {
    "accuracy": 0.6836734693877551,
    "f1_binary": 0.45684620376378976,
    "f1_macro": 0.6168528539480106,
    "precision_binary": 0.8243559718969555,
    "recall_binary": 0.31597845601436264,
    "confusion_matrix": [
      [
        1457,
        75
      ],
      [
        762,
        352
      ]
    ],
    "roc_auc": 0.7430020718976613,
    "pr_auc": 0.7158206109821008
  },
  "lightgbm": {
    "accuracy": 0.6844293272864701,
    "f1_binary": 0.4323589394969409,
    "f1_macro": 0.6069148793271147,
    "precision_binary": 0.8907563025210085,
    "recall_binary": 0.28545780969479356,
    "confusion_matrix": [
      [
        1493,
        39
      ],
      [
        796,
        318
      ]
    ],
    "roc_auc": 0.7756989138943707,
    "pr_auc": 0.7476108411736966
  },
  "cv_logistic_regression": {
    "f1_macro": {
      "mean": 0.4692787310808552,
      "std": 0.010354771839599911
    },
    "roc_auc": {
      "mean": 0.4665895231853746,
      "std": 0.019912420211604054
    },
    "average_precision": {
      "mean": 0.4777221604607278,
      "std": 0.014162851791641827
    }
  },
  "interaction_mlp": {
    "accuracy": 0.6768707482993197,
    "f1_binary": 0.4494526722472634,
    "f1_macro": 0.6103909523311738,
    "precision_binary": 0.7949886104783599,
    "recall_binary": 0.3132854578096948,
    "confusion_matrix": [
      [
        1442,
        90
      ],
      [
        765,
        349
      ]
    ],
    "roc_auc": 0.7259631160028313,
    "pr_auc": 0.6830867859663058
  },
  "cold_start": {
    "model": {
      "0": "logistic_regression",
      "1": "logistic_regression",
      "2": "logistic_regression",
      "3": "logistic_regression",
      "4": "logistic_regression",
      "5": "logistic_regression",
      "6": "random_forest",
      "7": "random_forest",
      "8": "random_forest",
      "9": "random_forest",
      "10": "random_forest",
      "11": "random_forest",
      "12": "xgboost",
      "13": "xgboost",
      "14": "xgboost",
      "15": "xgboost",
      "16": "xgboost",
      "17": "xgboost",
      "18": "lightgbm",
      "19": "lightgbm",
      "20": "lightgbm",
      "21": "lightgbm",
      "22": "lightgbm",
      "23": "lightgbm",
      "24": "interaction_mlp",
      "25": "interaction_mlp",
      "26": "interaction_mlp",
      "27": "interaction_mlp",
      "28": "interaction_mlp",
      "29": "interaction_mlp"
    },
    "split_type": {
      "0": "cold_protein",
      "1": "cold_protein",
      "2": "cold_protein",
      "3": "cold_protein",
      "4": "cold_protein",
      "5": "cold_protein",
      "6": "cold_protein",
      "7": "cold_protein",
      "8": "cold_protein",
      "9": "cold_protein",
      "10": "cold_protein",
      "11": "cold_protein",
      "12": "cold_protein",
      "13": "cold_protein",
      "14": "cold_protein",
      "15": "cold_protein",
      "16": "cold_protein",
      "17": "cold_protein",
      "18": "cold_protein",
      "19": "cold_protein",
      "20": "cold_protein",
      "21": "cold_protein",
      "22": "cold_protein",
      "23": "cold_protein",
      "24": "cold_protein",
      "25": "cold_protein",
      "26": "cold_protein",
      "27": "cold_protein",
      "28": "cold_protein",
      "29": "cold_protein"
    },
    "metric": {
      "0": "roc_auc",
      "1": "pr_auc",
      "2": "f1_binary",
      "3": "ef_at_1pct",
      "4": "ef_at_5pct",
      "5": "bedroc",
      "6": "roc_auc",
      "7": "pr_auc",
      "8": "f1_binary",
      "9": "ef_at_1pct",
      "10": "ef_at_5pct",
      "11": "bedroc",
      "12": "roc_auc",
      "13": "pr_auc",
      "14": "f1_binary",
      "15": "ef_at_1pct",
      "16": "ef_at_5pct",
      "17": "bedroc",
      "18": "roc_auc",
      "19": "pr_auc",
      "20": "f1_binary",
      "21": "ef_at_1pct",
      "22": "ef_at_5pct",
      "23": "bedroc",
      "24": "roc_auc",
      "25": "pr_auc",
      "26": "f1_binary",
      "27": "ef_at_1pct",
      "28": "ef_at_5pct",
      "29": "bedroc"
    },
    "value": {
      "0": 0.4960390191767722,
      "1": 0.4150643844146019,
      "2": 0.34285714285714286,
      "3": 0.8797127468581687,
      "4": 0.9286591703675706,
      "5": 0.4150643844146019,
      "6": 0.7726496617931757,
      "7": 0.7387651977545286,
      "8": 0.3411420204978038,
      "9": 2.1992818671454217,
      "10": 2.2144949447226683,
      "11": 0.7387651977545286,
      "12": 0.7430020718976613,
      "13": 0.7158206109821008,
      "14": 0.45684620376378976,
      "15": 2.2872531418312385,
      "16": 2.232353774922045,
      "17": 0.7158206109821008,
      "18": 0.7756989138943707,
      "19": 0.7476108411736966,
      "20": 0.4323589394969409,
      "21": 2.3752244165170557,
      "22": 2.339506756118303,
      "23": 0.7476108411736966,
      "24": 0.7259631160028313,
      "25": 0.6830867859663058,
      "26": 0.4494526722472634,
      "27": 2.1992818671454217,
      "28": 2.143059623925163,
      "29": 0.6830867859663058
    }
  }
}